label,score,flagged
0,0.4155053637325496,False
0,0.4129326938532507,False
0,0.3992519021729781,False
0,0.43149696350738276,False
0,0.44874204356172726,False
0,0.42102800034205534,False
0,0.4283701276083575,False
0,0.4084373394022567,False
0,0.40913582697013545,False
0,0.527998146225587,False
0,0.42387251481953986,False
0,0.42272590494264045,False
0,0.44457666135407997,False
0,0.44451150519221694,False
0,0.41295810121938437,False
0,0.563161748107551,False
0,0.5057732228651258,False
0,0.4144590228433339,False
0,0.4189962735661547,False
0,0.6212548696702234,False
0,0.45395263690121007,False
0,0.42115370362990284,False
0,0.4107194722550837,False
0,0.4756065028839492,False
0,0.4462829501356485,False
0,0.4307842823692735,False
0,0.5810055366663908,False
0,0.40533755923909776,False
0,0.4242332710757644,False
0,0.5370775655444138,False
0,0.44235667346276963,False
0,0.5397899628888027,False
0,0.5417569342863118,False
0,0.44459090896286846,False
0,0.5524213405053501,False
0,0.4253256425497103,False
0,0.5501538099362943,False
0,0.5524283730805226,False
0,0.4184931413776403,False
0,0.4054192843814875,False
0,0.529973541697118,False
0,0.45419714381458504,False
0,0.5597505993073695,False
0,0.4052962492233016,False
0,0.4479741985801861,False
0,0.48595823872627625,False
0,0.536482186391178,False
0,0.4331076608946157,False
0,0.4771758884317313,False
0,0.403216012162579,False
0,0.49176972700700444,False
0,0.4875873325252048,False
0,0.5199861300735662,False
0,0.474764092316287,False
0,0.42229648855902324,False
0,0.43045337784901944,False
0,0.5193731172595651,False
0,0.4318181186394985,False
0,0.5822398156543133,False
0,0.4294064946378881,False
0,0.4302896545587865,False
0,0.46022650388594144,False
0,0.4693991515881014,False
0,0.46863166556127517,False
0,0.5481146597112075,False
0,0.4685047845062376,False
0,0.44162905065422087,False
0,0.4559219975937926,False
0,0.5740646537256628,False
0,0.5631543526682983,False
0,0.43557463544924346,False
0,0.41089459088462266,False
0,0.41073715116345483,False
0,0.4099776871739557,False
0,0.4483202285694093,False
0,0.42713006132888887,False
0,0.5309224242695683,False
0,0.5967568888392154,False
0,0.4082441611955905,False
0,0.455771400476266,False
0,0.4214916568859613,False
0,0.5300988640652491,False
0,0.4382988772302668,False
0,0.5817848648722161,False
0,0.5212421614045676,False
0,0.5698789045857441,False
0,0.41265802763179205,False
0,0.4841904010886703,False
0,0.45464820231571945,False
0,0.510158413330834,False
0,0.43173389042905497,False
0,0.40719721486890076,False
0,0.6690143610432991,True
0,0.4374057105155349,False
0,0.5676201900476231,False
0,0.4300222181256649,False
0,0.43499371167799156,False
0,0.44891485444919255,False
0,0.4818940040648059,False
0,0.4269665183036795,False
0,0.41814087650793486,False
0,0.4250074496616765,False
0,0.5220066574611304,False
0,0.5061300277669265,False
0,0.43935796645698916,False
0,0.4928906990906756,False
0,0.44269463753302196,False
0,0.5075993000964723,False
0,0.413456795659915,False
0,0.42062211667986377,False
0,0.4960198950324096,False
0,0.4988554200596903,False
0,0.5096881860173296,False
0,0.4256026306625516,False
0,0.43649074127352494,False
0,0.4559873805063478,False
0,0.44001973935702066,False
0,0.43152401654864064,False
0,0.43164928126672264,False
0,0.5767517552449931,False
0,0.413680023404237,False
0,0.40930095264490773,False
0,0.4290616410839019,False
0,0.4154523086702753,False
0,0.4329575030970985,False
0,0.5053229809428565,False
0,0.41683753260455564,False
0,0.5064469474718006,False
0,0.4136225800127248,False
0,0.5832439831289057,False
0,0.4145294479454996,False
0,0.4468683079834714,False
0,0.4606413221000721,False
0,0.40756407795450933,False
0,0.5198505938649322,False
0,0.4138564990133611,False
0,0.46109595637181844,False
0,0.5483314583529743,False
0,0.5190641451746542,False
0,0.546550938031873,False
0,0.4946360076533718,False
0,0.40486500506882145,False
0,0.4164939602209444,False
0,0.42259824393491896,False
0,0.5128995840070389,False
0,0.5113941476736056,False
0,0.5240063297646901,False
0,0.4447411377901137,False
0,0.5004652871962145,False
0,0.4233014523424131,False
0,0.47498174469500637,False
0,0.4105117883697651,False
0,0.5924635400215448,False
0,0.4266744577610243,False
0,0.44128958822074627,False
0,0.4840667324061569,False
0,0.4056363026346183,False
0,0.542468353384893,False
0,0.45482545204654884,False
0,0.41533059740549966,False
0,0.4084953515352276,False
0,0.44860993558561874,False
0,0.47324387310941335,False
0,0.40957634143917226,False
0,0.47949483120828407,False
0,0.6482318591083006,True
0,0.4197237871492805,False
0,0.49049562462174223,False
0,0.425412140847547,False
0,0.4902079267789514,False
0,0.4092085569062731,False
0,0.4308612696396132,False
0,0.4024663688924943,False
0,0.4458327657561943,False
0,0.6378573538960264,False
0,0.5560651645918,False
0,0.4401828159689258,False
0,0.4061329149339533,False
0,0.43085079033657764,False
0,0.4560696516114741,False
0,0.4330897161783325,False
0,0.47368592846150576,False
0,0.4394035439020861,False
0,0.4422810833182519,False
0,0.4128931741272005,False
0,0.4117018282930115,False
0,0.5697861828335289,False
0,0.49086178176178275,False
0,0.4901239177407252,False
0,0.4578071817732322,False
0,0.42221909677764097,False
0,0.531909937226096,False
0,0.45088549687077045,False
0,0.40741998015258546,False
0,0.41128506909090945,False
0,0.4707906440470846,False
0,0.5367163674119937,False
0,0.42813794141079115,False
0,0.4300292391336384,False
0,0.5501718595941303,False
0,0.48831987227459445,False
0,0.5041445851620703,False
0,0.5509445154543843,False
0,0.43117990187239735,False
0,0.6385457380118186,False
0,0.4531913576280039,False
0,0.5490436923315266,False
0,0.403277023370632,False
0,0.44361410349105407,False
0,0.42302888737955197,False
0,0.452913530925698,False
0,0.41435615000014786,False
0,0.43556085473519895,False
0,0.5741678197239318,False
0,0.4850223335165653,False
0,0.46121522675499604,False
0,0.45824698438777883,False
0,0.6499303567513154,True
0,0.40903039137940533,False
0,0.4338574680212989,False
0,0.607237195067204,False
0,0.5257515949781306,False
0,0.49165896414246957,False
0,0.4818030096823677,False
0,0.4213448686784818,False
0,0.43806958056202716,False
0,0.42062300604579755,False
0,0.444466757040461,False
0,0.47046714006903007,False
0,0.4607113112709232,False
0,0.4967694867716905,False
0,0.4350925059896427,False
0,0.628120914021294,False
0,0.5136711160139721,False
0,0.4403339815103062,False
0,0.5569895195046112,False
0,0.5834161142832962,False
0,0.43318377660758717,False
0,0.4212121655536574,False
0,0.4421144016601025,False
0,0.42483250244775933,False
0,0.5027209758353228,False
0,0.45007627383081755,False
0,0.42641570923253175,False
0,0.48595020117936105,False
0,0.46953338275425976,False
0,0.4516743126135288,False
0,0.5113867888761259,False
0,0.48118139389829817,False
0,0.44356196871798526,False
0,0.47578923310538884,False
0,0.40977740877351104,False
0,0.44744975235082335,False
0,0.5987419651600913,False
0,0.42989905165933734,False
0,0.40664754119499674,False
0,0.49493933853193794,False
0,0.506774690827508,False
0,0.4698530843456175,False
0,0.5608550181323779,False
0,0.41290787334124657,False
0,0.4152744399762333,False
0,0.5010659923694964,False
0,0.5037713780458125,False
0,0.46706013877424435,False
0,0.4350451018677903,False
0,0.5681935107724618,False
0,0.3986479131125172,False
0,0.4236086393647309,False
0,0.4206202886093975,False
0,0.43242627533620664,False
0,0.4166649754002388,False
0,0.43161210230648994,False
0,0.5134106360347813,False
0,0.4941104243742977,False
0,0.4165231996320877,False
0,0.4259571789830539,False
0,0.4081533569916432,False
0,0.5730454758091497,False
0,0.46945179270989623,False
0,0.4440153540219304,False
0,0.4185186162632719,False
0,0.46138766531190767,False
0,0.5398000979057799,False
0,0.48614725141653875,False
0,0.4235591797017524,False
0,0.48928140927804353,False
0,0.5033514478913103,False
0,0.43642146891104555,False
0,0.48110837305995796,False
0,0.41933385438846205,False
0,0.5258448134237986,False
0,0.4175938739034641,False
0,0.6208038198612698,False
0,0.5472391245482612,False
0,0.41412622205431526,False
0,0.6216525074853761,False
0,0.47846671450287,False
0,0.5430664140220963,False
0,0.42071432164478184,False
0,0.47500986774351445,False
0,0.4136266498773464,False
0,0.4407360758380982,False
0,0.42816322282276176,False
0,0.44676510964796323,False
0,0.558034413953433,False
0,0.45259755256538187,False
0,0.4165349592009327,False
0,0.4366329099263899,False
0,0.5119568951941187,False
0,0.5035581662014108,False
0,0.4883437994114884,False
0,0.4100793074340683,False
0,0.5373942393239765,False
0,0.5009466234217579,False
0,0.4368322470114837,False
0,0.5980977068166461,False
0,0.4199432871584315,False
0,0.4046401540538161,False
0,0.4056756366779416,False
0,0.47734842377142583,False
0,0.5068030333669502,False
0,0.48877785757832076,False
0,0.4271807075831443,False
0,0.582714601408971,False
0,0.4317887819575054,False
0,0.49362860734725666,False
0,0.4222355401396169,False
0,0.4315127958805286,False
0,0.41810514567652524,False
0,0.4028459965842024,False
0,0.40591697148267875,False
0,0.49138825087376614,False
0,0.43531456155107273,False
0,0.4070095291428971,False
0,0.4068326403554766,False
0,0.554157007961283,False
0,0.4643532331654431,False
0,0.41938516427133793,False
0,0.4243449963836328,False
0,0.4380085648317901,False
0,0.4391544840692429,False
0,0.40337277795471266,False
0,0.5302945937163981,False
0,0.5483194768605661,False
0,0.5145866470225332,False
0,0.42086372868804434,False
0,0.45196259705695935,False
0,0.4305705422521786,False
0,0.5661015665497119,False
0,0.44560093515551985,False
0,0.4674756143133285,False
0,0.42645035258951236,False
0,0.42201521379970536,False
0,0.4287840290537606,False
0,0.4227784362455174,False
0,0.4159329338322198,False
0,0.43036859778210085,False
0,0.41742256119430604,False
0,0.431053191308452,False
0,0.5845181395708057,False
0,0.40664789884878905,False
0,0.47436646469420707,False
0,0.4038743442099274,False
0,0.41359544985438107,False
0,0.4342954715870834,False
0,0.467273804338336,False
0,0.5616562389050024,False
0,0.4066583917940052,False
0,0.47046538586815645,False
0,0.43086320127038474,False
0,0.582174849963764,False
0,0.4836501699928811,False
0,0.5567917530933689,False
0,0.41339315838331486,False
0,0.4047257340348205,False
0,0.4593341751545406,False
0,0.4506238979050807,False
0,0.49316421416383643,False
0,0.41907625400130205,False
0,0.4320451309910394,False
0,0.4553497252260588,False
0,0.40843384558286217,False
0,0.4524723116657921,False
0,0.40165308619165646,False
0,0.41070673816241354,False
0,0.4448231689679873,False
0,0.47958896753054864,False
0,0.40904042746188307,False
0,0.40645237178152094,False
0,0.44706534467428477,False
0,0.4011469432053513,False
0,0.4261705003078589,False
0,0.4367418113918735,False
0,0.49173690815076465,False
0,0.4145952292153406,False
0,0.5763797925493744,False
0,0.43309960618943805,False
0,0.4467756768419627,False
0,0.4601212804379757,False
1,0.6036470820907711,False
1,0.7379219316233645,True
1,0.7379219316233645,True
1,0.7013126146017177,True
1,0.6805467898304277,True
1,0.6014327767743799,False
1,0.6699398656967985,True
1,0.719417606536883,True
1,0.7143420378008266,True
1,0.7124113952835975,True
1,0.716762700195183,True
1,0.6521770975135958,True
1,0.7379219316233645,True
1,0.7344353194561993,True
1,0.7255452037551742,True
1,0.7125353162908534,True
1,0.6690072173722688,True
1,0.7260362638145264,True
1,0.7379219316233645,True
1,0.6775129934295758,True
1,0.6928439367687338,True
1,0.7379219316233645,True
1,0.6937821088321543,True
1,0.6837885231001953,True
1,0.7344353194561993,True
1,0.7379219316233645,True
1,0.7334421737836151,True
1,0.6623673817546392,True
1,0.7191915653917229,True
1,0.7379219316233645,True
1,0.7143420378008266,True
1,0.6739371879858884,True
1,0.7143420378008266,True
1,0.7379219316233645,True
1,0.7379219316233645,True
1,0.7299767280536035,True
1,0.654250795960619,True
1,0.7284965539665177,True
1,0.6903303420796176,True
1,0.7379219316233645,True
